{
  "x": 1162.9333333333325,
  "y": 203.08300395256927,
  "width": 111.37777777777865,
  "height": 85.41501976284584
}