{
  "x": 1044.8888888888882,
  "y": 298.4189723320159,
  "width": 111.37777777777865,
  "height": 85.41501976284584
}