{
  "x": 1168.6222222222211,
  "y": 298.4189723320159,
  "width": 101.42222222222345,
  "height": 85.41501976284584
}