{
  "x": 1047,
  "y": 393.7549407114629,
  "width": 101.42222222222345,
  "height": 85.41501976284584
}
