{
  "x": 1164.3555555555545,
  "y": 395.17786561264865,
  "width": 101.42222222222345,
  "height": 85.41501976284584
}